file,sentence_count
data/main/Apple iPhone 5 - 16GB.xml,607
data/main/Microsoft Xbox 360 Elite.xml,368
data/extra/HTC Butterfly.xml,338
data/extra/Samsung Galaxy Note 10.1 N8000 - 16GB.xml,310
data/main/Sony Ericsson Xperia Ray.xml,297
data/extra/Sony Ericsson Xperia Mini.xml,284
data/extra/LG Optimus L7 II Dual P715.xml,273
data/extra/Apple iPhone 5 - 64GB.xml,265
data/extra/Sony Ericsson Live With Walkman.xml,240
data/main/Asus Transformer Pad Infinity TF700T 64GB + Dock.xml,229
data/main/HP_ProBook_4540s-A.xml,227
data/main/Samsung Galaxy S II I9100 - 16GB.xml,225
data/main/Sony Cyber-Shot DSC-HX200V.xml,209
data/main/LG Optimus Vu P895.xml,198
data/extra/Canon PowerShot SX230 HS.xml,196
data/extra/Sony Ericsson Xperia Pro.xml,188
data/main/Sony Xperia Ion.xml,167
data/main/Samsung I9082 Galaxy Grand Duos.xml,161
data/extra/LG Nexus 4 E960 - 16GB.xml,160
data/main/Samsung Galaxy Tab 2 7.0 P3100 - 16GB.xml,149
data/extra/Apple iPad mini WiFi-16GB.xml,148
data/extra/Canon EOS 650D Kit EF-18-55 IS.xml,144
data/main/Huawei Ascend Y300.xml,139
data/main/HTC One X Plus - 64GB.xml,128
data/extra/Apple iPhone 4S-32GB.xml,128
data/extra/Huawei U8825D Ascend G330.xml,126
data/main/Western Digital Portable My Passport - 1TB.xml,121
data/extra/Sony Xperia E Dual.xml,120
data/extra/(Canon EOS 600D (Kiss X5 - Rebel T3i.xml,113
data/main/Apple Ipod Touch 5th Generation - 64GB.xml,113
data/extra/Sony Xperia V.xml,113
data/extra/Canon PowerShot SX40 HS.xml,111
data/extra/Sony Xperia TX.xml,110
data/main/Asus Google Nexus 7 3G - 32GB.xml,109
data/main/Fujifilm Finepix S3200.xml,109
data/main/HP LaserJet P1102.xml,108
data/extra/HTC Desire C.xml,108
data/main/HTC Desire SV.xml,106
data/extra/Asus PadFone 2 -32GB.xml,106
data/extra/Sony Cyber-Shot DSC-WX50.xml,104
data/extra/Sony Xperia Neo L.xml,104
data/extra/Nokia 206.xml,98
data/extra/HTC Desire V.xml,98
data/main/Samsung Galaxy Note N5100 - 16GB.xml,98
data/main/Sony Cyber-Shot DSC-HX10V.xml,97
data/extra/Canon Powershot SX50 HS.xml,97
data/main/Nokia Lumia 620.xml,94
data/extra/Samsung I8190 Galaxy S III Mini.xml,94
data/main/Samsung Galaxy S III I9305 - 16GB.xml,90
data/main/Apple MacBook Pro With Retina Display-B.xml,90
data/main/Asus PadFone - 16GB.xml,86
data/main/Nokia 500.xml,84
data/main/Huawei MediaPad 10 FHD - 16GB.xml,83
data/extra/Asus Fonepad ME371 - 8GB.xml,83
data/main/Canon PowerShot A3400 IS.xml,81
data/main/Fujitsu Stylistic M532.xml,78
data/main/Sony Xperia Miro.xml,78
data/extra/Samsung Galaxy S II I9100 - 16GB_Hosseini.xml,78
data/main/Microsoft Xbox 360 Slim 250GB Console with Kinect.xml,76
data/extra/Apple iPhone 4 - 8GB.xml,76
data/main/Fujifilm FinePix F660EXR.xml,73
data/main/Sony HDR-XR550.xml,72
data/extra/Canon EOS 6D Body.xml,72
data/extra/LG Optimus Vu P895_Hosseini.xml,72
data/main/Fujifilm X-Pro1.xml,72
data/extra/Nikon Coolpix P510.xml,70
data/main/Samsung Galaxy Tab 2 10.1 P5100 - 16GB.xml,70
data/main/(Panasonic Lumix DMC-FT3 (TS3.xml,70
data/extra/Samsung Galaxy Note N5100 - 16GB_Hosseini.xml,70
data/main/Nokia Asha 302.xml,68
data/main/Canon Pixma MX374.xml,68
data/extra/Fujifilm X-Pro1_Hosseini.xml,67
data/main/HTC Windows Phone 8X.xml,67
data/extra/Sony Cyber-Shot DSC-HX200V_Hosseini.xml,67
data/main/Sony NEX-VG10.xml,65
data/main/Samsung Galaxy S II Plus I9105 - 8GB.xml,65
data/extra/HP LaserJet P1102_Hosseini.xml,64
data/main/Samsung LED 55ES8880.xml,62
data/main/Asus PadFone 2 - 16GB.xml,62
data/extra/HP Pavilion Sleekbook 14-b009tu.xml,62
data/extra/Nokia 500.xml,61
data/main/Samsung Galaxy Young S6312.xml,61
data/extra/Apple Ipod Touch 8GB.xml,61
data/extra/Panasonic HDC-HS900.xml,60
data/extra/HP Compaq Presario CQ58-200SX.xml,60
data/extra/Canon Pixma MX374_Hosseini.xml,59
data/extra/Sony NEX-VG10_Hosseini.xml,59
data/main/(Canon IXUS 240 HS (PowerShot ELPH 320 HS.xml,59
data/extra/Asus Transformer Pad Infinity TF700T 64GB + Dock_Hosseini.xml,59
data/extra/Asus X43SD_Hosseini.xml,57
data/main/Asus X43SD.xml,57
data/extra/Sony Cybershot HX50v.xml,57
data/main/Asus N43SM-C.xml,55
data/extra/Samsung I9082 Galaxy Grand Duos_Hosseini.xml,55
data/main/ADATA Portable HD710 - 1TB.xml,54
data/extra/(Canon IXUS 240 HS (PowerShot ELPH 320 HS_Hosseini.xml,54
data/main/Microsoft Surface RT - 32GB + Keyboard.xml,54
data/main/Samsung DV300F.xml,52
data/extra/GoPro Hero3 Silver Edition.xml,52
data/main/Nikon Coolpix P7700.xml,51
data/extra/Samsung Galaxy S II Plus I9105 - 8GB_Hosseini.xml,50
data/main/Apple iPhone 5 - 32GB.xml,50
data/extra/Canon EOS 100D.xml,50
data/extra/Samsung Galaxy S III I9305 - 16GB.xml,49
data/extra/Canon PowerShot A3400 IS_Hosseini.xml,48
data/main/IBM Lenovo Essential G580-J.xml,47
data/extra/Samsung DV300F_Hosseini.xml,47
data/main/Samsung NP300E5V-A08AE.xml,46
data/main/HP LaserJet M1132.xml,46
data/extra/HTC One X Plus - 64GB.xml,46
data/extra/IBM Lenovo Essential G580-J_Hosseini.xml,45
data/extra/Asus N43SM-C_Hosseini.xml,45
data/extra/Gerdoo Software Pack 14.2013.xml,44
data/extra/Nikon Coolpix P7700_Hosseini.xml,44
data/extra/Canon CanoScan LiDe 110.xml,44
data/main/Sony S - 16GB.xml,43
data/extra/Sony S - 16GB_Hosseini.xml,43
data/extra/HTC Windows Phone 8X_Hosseini.xml,43
data/extra/HP ProBook 4540s-A_Hosseini.xml,42
data/extra/Asus VivoTab RT TF600T - 32GB.xml,42
data/extra/HTC One X - 16GB.xml,42
data/extra/JVC GZ-HD3.xml,42
data/extra/Sony HDR-CX190.xml,41
data/extra/Apple iPhone 5 - 16GB_Hosseini.xml,41
data/extra/Acer Aspire E1-531-B9602G50Maks_Hosseini.xml,40
data/extra/IBM Lenovo Essential G585-D.xml,40
data/main/Acer Aspire E1-531-B9602G50Maks.xml,40
data/extra/Fujifilm FinePix SL260.xml,40
data/extra/(Panasonic Lumix DMC-TZ18 (ZS8_Anvari.xml,39
data/main/Samsung LED 40ES6960.xml,38
data/extra/Asus Google Nexus 7 3G - 32GB.xml,37
data/extra/Sony Cyber-Shot DSC-HX10V.xml,37
data/extra/Sony HDR PJ710v_Hosseini.xml,36
data/extra/Sony Ericsson Xperia Ray_Hosseini.xml,36
data/main/Sony HDR PJ710v.xml,36
data/main/Nikon Coolpix P520.xml,36
data/main/LG Optimus True HD LTE P936.xml,35
data/extra/LG Optimus True HD LTE P936_Hosseini.xml,35
data/extra/(Canon IXUS 500 HS (ELPH 520 HS - IXY 3_Ahmadian.xml,35
data/extra/Samsung NX2000.xml,34
data/extra/Samsung LED 40ES6950.xml,34
data/extra/Huawei MediaPad 10 FHD - 16GB.xml,34
data/main/Samsung Plasma PS51E4950.xml,34
data/extra/Sony Cybershot WX170.xml,33
data/extra/Fujitsu Stylistic M532.xml,33
data/extra/Samsung Galaxy Tab 2 10.1 P5100 - 16GB.xml,33
data/extra/Samsung Plasma PS51E4950_Hosseini.xml,33
data/main/Canon Legria HF R206.xml,32
data/extra/Canon PowerShot SX500 IS.xml,31
data/extra/Canon PowerShot SX160 IS.xml,31
data/main/GS-Pad GSP-X7.xml,31
data/extra/LG Optimus G E975.xml,31
data/main/Apple Ipod Shuffle.xml,30
data/main/Samsung ST68.xml,30
data/extra/Nikon Coolpix P520_Hosseini.xml,30
data/extra/Sony Xperia Tipo.xml,30
data/extra/Nokia Lumia 620.xml,29
data/extra/Nokia Asha 308.xml,29
data/extra/Nokia Asha 302_Hosseini.xml,29
data/extra/HP PhotoSmart D110A.xml,29
data/extra/Apple Ipod Touch 5th Generation - 64GB.xml,29
data/extra/(Canon Ixus 510 HS (PowerShot ELPH 530 HS.xml,28
data/extra/HP LaserJet M1132_Hosseini.xml,28
data/extra/Asus U57A.xml,28
data/extra/Sony HDR-XR160.xml,28
data/extra/HTC Desire SV_Hosseini.xml,28
data/extra/Panasonic Lumix DMC-G6_Hosseini.xml,28
data/main/Panasonic Lumix DMC-G6.xml,28
data/extra/IBM Lenovo ideapad Z500-A.xml,27
data/extra/Western Digital Portable My Passport - 1TB_Hosseini.xml,27
data/extra/Fujifilm Finepix HS25 EXR.xml,27
data/main/Canon CanoScan LiDe 100.xml,27
data/extra/Nikon Coolpix S30.xml,26
data/extra/Western Digital Portable My Passport - 1TB.xml,26
data/extra/Apple iPhone 4 - 16GB.xml,24
data/extra/Nikon Coolpix L610.xml,24
data/main/Sony Cyber-Shot DSC-W630.xml,24
data/extra/Canon CanoScan 5600F.xml,24
data/extra/HP Scanjet G2710.xml,23
data/extra/Sony Cyber-Shot DSC-HX30V.xml,23
data/main/JVC GZ-MG555.xml,23
data/extra/Apple MacBook Pro With Retina Display-B.xml,23
data/extra/Microsoft Xbox 360 Slim 250GB Console with Kinect_Hosseini.xml,23
data/main/Scanzee BQS030w.xml,23
data/extra/Samsung LED 55ES8880.xml,23
data/main/Canon Vixia HF M50.xml,22
data/extra/JVC GZ-MG335.xml,22
data/extra/GS-Pad GSP-X7_Hosseini.xml,22
data/extra/Sony Xperia Tablet Z - 32GB.xml,21
data/extra/Fujifilm FinePix JX510.xml,20
data/extra/Panasonic HDC-HS80.xml,20
data/extra/ADATA S007 - 4GB.xml,20
data/extra/Apple Ipod Shuffle_Hosseini.xml,20
data/extra/Fujifilm FinePix F660EXR.xml,20
data/extra/Sony HDR-XR550_Hosseini.xml,19
data/extra/Sony Xperia Ion_Hosseini.xml,19
data/extra/Nokia Asha 310.xml,19
data/extra/Samsung NP300E5X-A0A.xml,19
data/extra/Fujifilm FinePix S2980.xml,19
data/extra/Sony PlayStation 2.xml,18
data/extra/Sony PlayStation Vita.xml,18
data/extra/Sony Cyber-Shot DSC-W630_Hosseini.xml,17
data/extra/(Canon IXY 430F (IXUS 245 HS_Anvari.xml,17
data/extra/HP Laserjet Pro CM1415 FN Color Multifunction.xml,16
data/extra/ADATA Portable HD710 - 1TB_Hosseini.xml,16
data/extra/Samsung Galaxy S III I9305 - 16GB_Hosseini.xml,16
data/extra/Canon Vixia HF R30.xml,16
data/extra/JVC GZ-MG255.xml,15
data/extra/Sony NEX-3N_Ahmadian.xml,15
data/extra/Sony HDR-PJ600.xml,15
data/extra/(Panasonic Lumix DMC-FT3 (TS3.xml,14
data/main/Olympus SZ-14.xml,14
data/extra/Canon Legria HF M406.xml,14
data/extra/(Panasonic Lumix DMC-FT3 (TS3_Hosseini.xml,14
data/extra/Fujifilm FinePix AX550.xml,13
data/extra/LG LED 42LM66100.xml,13
data/extra/Fujifilm FinePix JV300.xml,13
data/extra/Apple MacBook Pro With Retina Display-B_Hosseini.xml,13
data/extra/Apple Ipod Nano 6th Generation - 8GB.xml,12
data/extra/Farassoo DVB-T FDR-211_Hosseini.xml,12
data/extra/Asus PadFone - 64GB.xml,12
data/extra/Samsung Galaxy Mega 6.3 I9200 - 8GB.xml,12
data/main/Farassoo DVB-T FDR-211.xml,12
data/extra/JVC GZ-MG555_Hosseini.xml,12
data/extra/Samsung NP300E5V-A08AE_Hosseini.xml,12
data/extra/Adata Dashdrive HV610 USB 3.0 - 1TB.xml,11
data/extra/Samsung Galaxy Tab 2 7.0 P3100 - 8GB.xml,11
data/extra/Asus PadFone 2 - 16GB.xml,11
data/extra/Casio Exilim EX-Z3000.xml,11
data/extra/Samsung LED 40ES6960_Hosseini.xml,11
data/extra/Samsung Galaxy Mega 6.3 I9200 - 16GB_Hosseini.xml,10
data/extra/IBM Lenovo Essential B590-C.xml,10
data/extra/Olympus VG-150.xml,10
data/extra/Olympus SZ-14_Hosseini.xml,10
data/extra/Casio Exilim EX-ZS6_Hosseini.xml,10
data/main/Samsung Galaxy Mega 6.3 I9200 - 16GB.xml,10
data/main/Casio Exilim EX-ZS6.xml,10
data/extra/Fujifilm Finepix S3200.xml,9
data/extra/Fujifilm Finepix S3200_Hosseini.xml,9
data/extra/Nokia Lumia 620_Hosseini.xml,9
data/main/HP Scanjet G2410.xml,8
data/extra/Apple Ipod Touch 5th Generation - 64GB_Hosseini.xml,8
data/extra/Samsung Galaxy Tab 2 7.0 P3100 - 16GB_Hosseini.xml,8
data/extra/Canon Legira HF R205.xml,8
data/extra/Casio Exilim EX-ZS20_Ahmadian.xml,8
data/main/Sony Ericsson Xperia Pureness.xml,7
data/extra/Canon Legria HF R206_Hosseini.xml,7
data/extra/Scanzee BQS030w_Hosseini.xml,7
data/extra/Apple ipod Nano 7th Generation.xml,7
data/extra/Fujitsu Stylistic M532_Hosseini.xml,7
data/extra/Nokia 500_Hosseini.xml,7
data/extra/Canon CanoScan LiDe 100_Hosseini.xml,7
data/main/GoPro HD Hero 960.xml,7
data/main/GoPro HD Helmet Hero.xml,7
data/extra/Panda Antivirus Pro 2013_Hosseini.xml,6
data/extra/Samsung LED 55ES8880_Hosseini.xml,6
data/extra/Samsung ST64.xml,6
data/extra/Samsung ST68_Hosseini.xml,6
data/extra/Motorola Digital Photo Frame MF810.xml,6
data/main/Panda Antivirus Pro 2013.xml,6
data/extra/Nokia Asha 309.xml,6
data/extra/Asus PadFone - 16GB_Hosseini.xml,6
data/extra/Canon Vixia HF M50_Hosseini.xml,5
data/extra/Scanzee BQS020_Ahmadian.xml,5
data/extra/GoPro HD Helmet Hero_Hosseini.xml,5
data/extra/Huawei MediaPad 10 FHD - 16GB_Hosseini.xml,4
data/main/Motorola Digital Photo Frame MF700.xml,4
data/extra/HP Scanjet G2410_Hosseini.xml,4
data/extra/Canon Pixma MG2140.xml,4
data/extra/Canon Vixia HF M500.xml,4
data/extra/Asus Google Nexus 7 3G - 32GB_Hosseini.xml,3
data/extra/HTC One X Plus - 64GB_Hosseini.xml,3
data/extra/Asus PadFone 2 - 64GB.xml,3
data/extra/Sony Xperia Miro.xml,3
data/extra/Sony Xperia Miro_Hosseini.xml,3
data/extra/Creative Zen Style M100 - 4GB.xml,3
data/main/COBY MID7035.xml,3
data/extra/LG C199.xml,2
data/extra/GoPro HD Helmet Hero.xml,2
data/extra/Asus PadFone 2 - 32GB.xml,2
data/main/Sony HDR-XR260.xml,1
data/extra/Samsung ES81.xml,1
data/extra/Sony Cyber-Shot DSC-HX10V_Hosseini.xml,1
data/main/Toshiba Camileo S20.xml,1
data/extra/Fujifilm FinePix F660EXR_Hosseini.xml,1
data/main/Samsung Galaxy Tab 3 7.0 P3200 - 8GB.xml,1
data/main/Samsung WB151F.xml,1
data/main/Sony ICD-TX50 - 4GB.xml,1
data/extra/Canon FaxPhone - JX510P.xml,1
data/extra/Samsung CLP-315.xml,1
